--
-- PostgreSQL database dump
--

-- Dumped from database version 16.4
-- Dumped by pg_dump version 16.4

-- Started on 2024-12-15 21:46:16

SET statement_timeout = 0;
SET lock_timeout = 0;
SET idle_in_transaction_session_timeout = 0;
SET client_encoding = 'UTF8';
SET standard_conforming_strings = on;
SELECT pg_catalog.set_config('search_path', '', false);
SET check_function_bodies = false;
SET xmloption = content;
SET client_min_messages = warning;
SET row_security = off;

SET default_tablespace = '';

SET default_table_access_method = heap;

--
-- TOC entry 223 (class 1259 OID 41935)
-- Name: AspNetRoleClaims; Type: TABLE; Schema: public; Owner: postgres
--

CREATE TABLE public."AspNetRoleClaims" (
    id integer NOT NULL,
    roleid text NOT NULL,
    claimtype text,
    claimvalue text
);


ALTER TABLE public."AspNetRoleClaims" OWNER TO postgres;

--
-- TOC entry 222 (class 1259 OID 41934)
-- Name: AspNetRoleClaims_id_seq; Type: SEQUENCE; Schema: public; Owner: postgres
--

ALTER TABLE public."AspNetRoleClaims" ALTER COLUMN id ADD GENERATED BY DEFAULT AS IDENTITY (
    SEQUENCE NAME public."AspNetRoleClaims_id_seq"
    START WITH 1
    INCREMENT BY 1
    NO MINVALUE
    NO MAXVALUE
    CACHE 1
);


--
-- TOC entry 216 (class 1259 OID 41904)
-- Name: AspNetRoles; Type: TABLE; Schema: public; Owner: postgres
--

CREATE TABLE public."AspNetRoles" (
    id text NOT NULL,
    name character varying(256),
    normalizedname character varying(256),
    concurrencystamp text
);


ALTER TABLE public."AspNetRoles" OWNER TO postgres;

--
-- TOC entry 225 (class 1259 OID 41948)
-- Name: AspNetUserClaims; Type: TABLE; Schema: public; Owner: postgres
--

CREATE TABLE public."AspNetUserClaims" (
    id integer NOT NULL,
    userid text NOT NULL,
    claimtype text,
    claimvalue text
);


ALTER TABLE public."AspNetUserClaims" OWNER TO postgres;

--
-- TOC entry 224 (class 1259 OID 41947)
-- Name: AspNetUserClaims_id_seq; Type: SEQUENCE; Schema: public; Owner: postgres
--

ALTER TABLE public."AspNetUserClaims" ALTER COLUMN id ADD GENERATED BY DEFAULT AS IDENTITY (
    SEQUENCE NAME public."AspNetUserClaims_id_seq"
    START WITH 1
    INCREMENT BY 1
    NO MINVALUE
    NO MAXVALUE
    CACHE 1
);


--
-- TOC entry 226 (class 1259 OID 41960)
-- Name: AspNetUserLogins; Type: TABLE; Schema: public; Owner: postgres
--

CREATE TABLE public."AspNetUserLogins" (
    loginprovider text NOT NULL,
    providerkey text NOT NULL,
    providerdisplayname text,
    userid text NOT NULL
);


ALTER TABLE public."AspNetUserLogins" OWNER TO postgres;

--
-- TOC entry 227 (class 1259 OID 41972)
-- Name: AspNetUserRoles; Type: TABLE; Schema: public; Owner: postgres
--

CREATE TABLE public."AspNetUserRoles" (
    userid text NOT NULL,
    roleid text NOT NULL
);


ALTER TABLE public."AspNetUserRoles" OWNER TO postgres;

--
-- TOC entry 228 (class 1259 OID 41989)
-- Name: AspNetUserTokens; Type: TABLE; Schema: public; Owner: postgres
--

CREATE TABLE public."AspNetUserTokens" (
    userid text NOT NULL,
    loginprovider text NOT NULL,
    name text NOT NULL,
    value text
);


ALTER TABLE public."AspNetUserTokens" OWNER TO postgres;

--
-- TOC entry 217 (class 1259 OID 41911)
-- Name: AspNetUsers; Type: TABLE; Schema: public; Owner: postgres
--

CREATE TABLE public."AspNetUsers" (
    id text NOT NULL,
    username character varying(256),
    normalizedusername character varying(256),
    email character varying(256),
    normalizedemail character varying(256),
    emailconfirmed boolean NOT NULL,
    passwordhash text,
    securitystamp text,
    concurrencystamp text,
    phonenumber text,
    phonenumberconfirmed boolean NOT NULL,
    twofactorenabled boolean NOT NULL,
    lockoutend timestamp with time zone,
    lockoutenabled boolean NOT NULL,
    accessfailedcount integer NOT NULL
);


ALTER TABLE public."AspNetUsers" OWNER TO postgres;

--
-- TOC entry 215 (class 1259 OID 41899)
-- Name: __EFMigrationsHistory; Type: TABLE; Schema: public; Owner: postgres
--

CREATE TABLE public."__EFMigrationsHistory" (
    "MigrationId" character varying(150) NOT NULL,
    "ProductVersion" character varying(32) NOT NULL
);


ALTER TABLE public."__EFMigrationsHistory" OWNER TO postgres;

--
-- TOC entry 230 (class 1259 OID 42002)
-- Name: bookings; Type: TABLE; Schema: public; Owner: postgres
--

CREATE TABLE public.bookings (
    id integer NOT NULL,
    userid text NOT NULL,
    checkindate date NOT NULL,
    checkoutdate date NOT NULL,
    roomid integer NOT NULL,
    hotelid integer NOT NULL,
    breakfastrequests integer NOT NULL
);


ALTER TABLE public.bookings OWNER TO postgres;

--
-- TOC entry 229 (class 1259 OID 42001)
-- Name: bookings_id_seq; Type: SEQUENCE; Schema: public; Owner: postgres
--

ALTER TABLE public.bookings ALTER COLUMN id ADD GENERATED BY DEFAULT AS IDENTITY (
    SEQUENCE NAME public.bookings_id_seq
    START WITH 1
    INCREMENT BY 1
    NO MINVALUE
    NO MAXVALUE
    CACHE 1
);


--
-- TOC entry 219 (class 1259 OID 41919)
-- Name: hotels; Type: TABLE; Schema: public; Owner: postgres
--

CREATE TABLE public.hotels (
    id integer NOT NULL,
    name character varying(100) NOT NULL,
    address character varying(50) NOT NULL,
    imageurl text NOT NULL
);


ALTER TABLE public.hotels OWNER TO postgres;

--
-- TOC entry 218 (class 1259 OID 41918)
-- Name: hotels_id_seq; Type: SEQUENCE; Schema: public; Owner: postgres
--

ALTER TABLE public.hotels ALTER COLUMN id ADD GENERATED BY DEFAULT AS IDENTITY (
    SEQUENCE NAME public.hotels_id_seq
    START WITH 1
    INCREMENT BY 1
    NO MINVALUE
    NO MAXVALUE
    CACHE 1
);


--
-- TOC entry 221 (class 1259 OID 41927)
-- Name: rooms; Type: TABLE; Schema: public; Owner: postgres
--

CREATE TABLE public.rooms (
    id integer NOT NULL,
    summary character varying(500),
    roomtype integer NOT NULL,
    price numeric NOT NULL,
    hotelid integer NOT NULL,
    maxoccupancy integer NOT NULL
);


ALTER TABLE public.rooms OWNER TO postgres;

--
-- TOC entry 220 (class 1259 OID 41926)
-- Name: rooms_id_seq; Type: SEQUENCE; Schema: public; Owner: postgres
--

ALTER TABLE public.rooms ALTER COLUMN id ADD GENERATED BY DEFAULT AS IDENTITY (
    SEQUENCE NAME public.rooms_id_seq
    START WITH 1
    INCREMENT BY 1
    NO MINVALUE
    NO MAXVALUE
    CACHE 1
);


--
-- TOC entry 231 (class 1259 OID 42022)
-- Name: sessions; Type: TABLE; Schema: public; Owner: postgres
--

CREATE TABLE public.sessions (
    id uuid NOT NULL,
    lastrefreshtoken text NOT NULL,
    initiatedat timestamp with time zone NOT NULL,
    expiresat timestamp with time zone NOT NULL,
    isrevoked boolean NOT NULL,
    userid text NOT NULL
);


ALTER TABLE public.sessions OWNER TO postgres;

--
-- TOC entry 4873 (class 0 OID 41935)
-- Dependencies: 223
-- Data for Name: AspNetRoleClaims; Type: TABLE DATA; Schema: public; Owner: postgres
--

COPY public."AspNetRoleClaims" (id, roleid, claimtype, claimvalue) FROM stdin;
\.


--
-- TOC entry 4866 (class 0 OID 41904)
-- Dependencies: 216
-- Data for Name: AspNetRoles; Type: TABLE DATA; Schema: public; Owner: postgres
--

COPY public."AspNetRoles" (id, name, normalizedname, concurrencystamp) FROM stdin;
be58980c-1310-4490-8873-04bb0723b4c8	Admin	ADMIN	\N
d91b891a-162f-4ff7-919b-ae7286ec6099	BookingUser	BOOKINGUSER	\N
\.


--
-- TOC entry 4875 (class 0 OID 41948)
-- Dependencies: 225
-- Data for Name: AspNetUserClaims; Type: TABLE DATA; Schema: public; Owner: postgres
--

COPY public."AspNetUserClaims" (id, userid, claimtype, claimvalue) FROM stdin;
\.


--
-- TOC entry 4876 (class 0 OID 41960)
-- Dependencies: 226
-- Data for Name: AspNetUserLogins; Type: TABLE DATA; Schema: public; Owner: postgres
--

COPY public."AspNetUserLogins" (loginprovider, providerkey, providerdisplayname, userid) FROM stdin;
\.


--
-- TOC entry 4877 (class 0 OID 41972)
-- Dependencies: 227
-- Data for Name: AspNetUserRoles; Type: TABLE DATA; Schema: public; Owner: postgres
--

COPY public."AspNetUserRoles" (userid, roleid) FROM stdin;
4cdc02fe-5fef-4e2c-a022-fbf178d11112	be58980c-1310-4490-8873-04bb0723b4c8
4cdc02fe-5fef-4e2c-a022-fbf178d11112	d91b891a-162f-4ff7-919b-ae7286ec6099
b3a703b8-0686-4fc6-a54c-69a6a9d91a7f	d91b891a-162f-4ff7-919b-ae7286ec6099
4162b662-28f7-43d5-bcbb-f325ac389854	d91b891a-162f-4ff7-919b-ae7286ec6099
764381a2-6d73-401f-9fac-aa2e6369d390	d91b891a-162f-4ff7-919b-ae7286ec6099
025eac89-a267-46dc-8ab6-64b2292e63f1	d91b891a-162f-4ff7-919b-ae7286ec6099
\.


--
-- TOC entry 4878 (class 0 OID 41989)
-- Dependencies: 228
-- Data for Name: AspNetUserTokens; Type: TABLE DATA; Schema: public; Owner: postgres
--

COPY public."AspNetUserTokens" (userid, loginprovider, name, value) FROM stdin;
\.


--
-- TOC entry 4867 (class 0 OID 41911)
-- Dependencies: 217
-- Data for Name: AspNetUsers; Type: TABLE DATA; Schema: public; Owner: postgres
--

COPY public."AspNetUsers" (id, username, normalizedusername, email, normalizedemail, emailconfirmed, passwordhash, securitystamp, concurrencystamp, phonenumber, phonenumberconfirmed, twofactorenabled, lockoutend, lockoutenabled, accessfailedcount) FROM stdin;
4cdc02fe-5fef-4e2c-a022-fbf178d11112	admin	ADMIN	admin@admin.com	ADMIN@ADMIN.COM	f	AQAAAAIAAYagAAAAEDdopsogNASrkV4jmyY87VxQXKSATgjeFpSE9AiDDtYVD0XmkKR/XQ57kE2F3G89lQ==	IE3VIFD3NR4QFIG7TRRDMHJVHDJDVYKZ	8e837f49-4d09-4905-a3c8-b787a5926864	\N	f	f	\N	t	0
b3a703b8-0686-4fc6-a54c-69a6a9d91a7f	newUser	NEWUSER	someUser@gmail.com	SOMEUSER@GMAIL.COM	f	AQAAAAIAAYagAAAAEM+GtSS630UNqcgRK67HEWAOjr4ysJjtbtlIxcQGn8K9ox2kUJEBDk8LLJr/HaiBfA==	NQM2QT667B7SWZ3ED6ZLWWSSR4TSQKZQ	abae4cc5-2677-4bf1-8104-d09caaacd708	\N	f	f	\N	t	0
4162b662-28f7-43d5-bcbb-f325ac389854	newUser2	NEWUSER2	someUser2@gmail.com	SOMEUSER2@GMAIL.COM	f	AQAAAAIAAYagAAAAELyjm7PDbucF/DtonZi3cUtaRhGY7DYcYvLt0mcLuAEUDAlRVnMb7YZeh8lBqIwQ6Q==	UUYNQBBXYSIQVBNLBKUT37QOWDUFRGNR	b078c033-d23d-4881-8e9c-89d3225da1d1	\N	f	f	\N	t	0
764381a2-6d73-401f-9fac-aa2e6369d390	awdwadaw	AWDWADAW	johnZZZ@gmail.com	JOHNZZZ@GMAIL.COM	f	AQAAAAIAAYagAAAAEKPLcLRXGBDJHX5WVcOUpYRY1hYUwbpyzHmodcGp4KVxx5l4Jgo5L83tslMmT41VVw==	COATS5IDNBNVTD3FOXK7UUT7PLMBEZB7	af069c79-7639-4ada-bdee-c8b3172c11e8	\N	f	f	\N	t	0
025eac89-a267-46dc-8ab6-64b2292e63f1	jusadocode	JUSADOCODE	email@sample.com	EMAIL@SAMPLE.COM	f	AQAAAAIAAYagAAAAEMhEtEj3Yay1SUtdbK6nNTRDljWvhpacLvv632QpkG79QBeEFZiUCLu10phOkBFuoQ==	YACA3XH7XVL4FTNA5CQJRG7E6L6R36QO	ecb78cc0-f756-46f4-a367-18b064f03712	\N	f	f	\N	t	0
\.


--
-- TOC entry 4865 (class 0 OID 41899)
-- Dependencies: 215
-- Data for Name: __EFMigrationsHistory; Type: TABLE DATA; Schema: public; Owner: postgres
--

COPY public."__EFMigrationsHistory" ("MigrationId", "ProductVersion") FROM stdin;
20241121225520_identity	8.0.8
20241122015226_session	8.0.8
\.


--
-- TOC entry 4880 (class 0 OID 42002)
-- Dependencies: 230
-- Data for Name: bookings; Type: TABLE DATA; Schema: public; Owner: postgres
--

COPY public.bookings (id, userid, checkindate, checkoutdate, roomid, hotelid, breakfastrequests) FROM stdin;
5	b3a703b8-0686-4fc6-a54c-69a6a9d91a7f	2024-12-01	2024-12-05	25	21	1
4	b3a703b8-0686-4fc6-a54c-69a6a9d91a7f	2024-12-01	2024-12-05	28	23	1
6	4162b662-28f7-43d5-bcbb-f325ac389854	2024-12-01	2024-12-05	28	23	1
7	4162b662-28f7-43d5-bcbb-f325ac389854	2024-12-01	2024-12-05	28	23	1
8	4162b662-28f7-43d5-bcbb-f325ac389854	2024-12-01	2024-12-05	28	23	1
9	b3a703b8-0686-4fc6-a54c-69a6a9d91a7f	2024-12-04	2024-12-06	26	22	0
10	b3a703b8-0686-4fc6-a54c-69a6a9d91a7f	2024-12-04	2024-12-21	29	23	0
11	b3a703b8-0686-4fc6-a54c-69a6a9d91a7f	2024-12-20	2024-12-22	25	21	3
12	025eac89-a267-46dc-8ab6-64b2292e63f1	2024-12-14	2024-12-17	25	21	1
13	025eac89-a267-46dc-8ab6-64b2292e63f1	2024-12-14	2024-12-17	25	21	1
14	b3a703b8-0686-4fc6-a54c-69a6a9d91a7f	2024-12-14	2024-12-17	25	21	3
15	025eac89-a267-46dc-8ab6-64b2292e63f1	2024-12-14	2024-12-27	26	22	2
16	025eac89-a267-46dc-8ab6-64b2292e63f1	2024-12-14	2024-12-27	26	22	2
17	025eac89-a267-46dc-8ab6-64b2292e63f1	2024-12-14	2024-12-27	26	22	2
\.


--
-- TOC entry 4869 (class 0 OID 41919)
-- Dependencies: 219
-- Data for Name: hotels; Type: TABLE DATA; Schema: public; Owner: postgres
--

COPY public.hotels (id, name, address, imageurl) FROM stdin;
21	Grand Hotel	123 Main St, Springfield	https://149345965.v2.pressablecdn.com/wp-content/uploads/img-hotels-IADGV_006-Dusk-Exterior-home.jpg
22	Ocean Breeze Hotel	456 Ocean Ave, Miami	https://images.unsplash.com/photo-1587213811864-46e59f6873b1?q=80&w=1974&auto=format&fit=crop&ixlib=rb-4.0.3&ixID=M3wxMjA3fDB8MHxwaG90by1wYWdlfHx8fGVufDB8fHx8fA%3D%3D
23	Purple Forest Hotel	12 Wolf Street, Portland	https://images.unsplash.com/photo-1517840901100-8179e982acb7?q=80&w=870&auto=format&fit=crop&ixlib=rb-4.0.3&ixID=M3wxMjA3fDB8MHxwaG90by1wYWdlfHx8fGVufDB8fHx8fA%3D%3D
24	Mountain View Inn	789 Mountain Rd, Denver	https://images.unsplash.com/photo-1542314831-068cd1dbfeeb?q=80&w=870&auto=format&fit=crop&ixlib=rb-4.0.3&ixID=M3wxMjA3fDB8MHxwaG90by1wYWdlfHx8fGVufDB8fHx8fA%3D%3D
25	City Lights Hotel	101 City Center Blvd, New York	https://images.unsplash.com/photo-1542314831-068cd1dbfeeb?q=80&w=870&auto=format&fit=crop&ixlib=rb-4.0.3&ixID=M3wxMjA3fDB8MHxwaG90by1wYWdlfHx8fGVufDB8fHx8fA%3D%3D
26	Sunset Resort	202 Sunset Dr, Malibu	https://images.unsplash.com/photo-1517840901100-8179e982acb7?q=80&w=870&auto=format&fit=crop&ixlib=rb-4.0.3&ixID=M3wxMjA3fDB8MHxwaG90by1wYWdlfHx8fGVufDB8fHx8fA%3D%3D
27	Forest Retreat	303 Forest Ln, Asheville	https://images.unsplash.com/photo-1580041065738-e72023775cdc?q=80&w=2070&auto=format&fit=crop&ixlib=rb-4.0.3&ixID=M3wxMjA3fDB8MHxwaG90by1wYWdlfHx8fGVufDB8fHx8fA%3D%3D
28	RiversIDe Hotel	404 River St, Chicago	https://images.unsplash.com/photo-1517840901100-8179e982acb7?q=80&w=870&auto=format&fit=crop&ixlib=rb-4.0.3&ixID=M3wxMjA3fDB8MHxwaG90by1wYWdlfHx8fGVufDB8fHx8fA%3D%3D
29	Desert Oasis	505 Desert Rd, Phoenix	https://images.unsplash.com/photo-1566073771259-6a8506099945?q=80&w=2070&auto=format&fit=crop&ixlib=rb-4.0.3&ixID=M3wxMjA3fDB8MHxwaG90by1wYWdlfHx8fGVufDB8fHx8fA%3D%3D
30	Snowy Peaks Hotel	606 Snowy Rd, Aspen	https://images.unsplash.com/photo-1580041065738-e72023775cdc?q=80&w=2070&auto=format&fit=crop&ixlib=rb-4.0.3&ixID=M3wxMjA3fDB8MHxwaG90by1wYWdlfHx8fGVufDB8fHx8fA%3D%3D
\.


--
-- TOC entry 4871 (class 0 OID 41927)
-- Dependencies: 221
-- Data for Name: rooms; Type: TABLE DATA; Schema: public; Owner: postgres
--

COPY public.rooms (id, summary, roomtype, price, hotelid, maxoccupancy) FROM stdin;
26	Deluxe room with sea view	1	100	22	5
27	Suite room with luxury amenities	2	120	22	3
30	Family chalet with kitchen	1	160	24	5
31	Oasis view room	0	120	25	7
32	Luxury tent with amenities	1	200	26	8
33	Desert suite with panoramic view	2	220	27	9
34	River view room	0	180	28	2
36	Suite with river access	2	120	30	2
28	Cozy room with snow view	1	151	23	3
35	Deluxe room with a pool	1	300	29	4
29	Ski-in/ski-out suite	2	150	23	2
25	Standard room with garden view	0	110	21	5
\.


--
-- TOC entry 4881 (class 0 OID 42022)
-- Dependencies: 231
-- Data for Name: sessions; Type: TABLE DATA; Schema: public; Owner: postgres
--

COPY public.sessions (id, lastrefreshtoken, initiatedat, expiresat, isrevoked, userid) FROM stdin;
b00ba408-2459-4caa-b603-a50022d24d45	qAQtkCtQwMh6WUEnH08TJCOQDwqOS6de+xsVIjxv/yo=	2024-11-22 04:06:28.703999+02	2024-11-25 04:07:07.874402+02	t	b3a703b8-0686-4fc6-a54c-69a6a9d91a7f
7a3140a7-654a-49e6-9be2-ac8d327a5708	JRrEOAyTuWd1wYIQa1t8TA+GXl5BAGZA5dEdVRtQfdo=	2024-11-22 04:10:08.295797+02	2024-11-25 04:10:08.295644+02	f	b3a703b8-0686-4fc6-a54c-69a6a9d91a7f
f2a32879-5da5-43db-b603-eb8a1a6d3139	QGD7mmxXH+7LEN3aT5gUuN5drhnMAi4LwTEohs03zdY=	2024-11-22 04:22:43.665194+02	2024-11-25 04:22:43.645985+02	f	b3a703b8-0686-4fc6-a54c-69a6a9d91a7f
7f09c275-bc11-48ac-a281-61e5c7473fbd	t8yZU125zIzvxiO2KVZyDYwPys6Tm2bGzxkMC+KoSHc=	2024-11-22 04:31:22.340496+02	2024-11-25 04:31:22.334818+02	f	b3a703b8-0686-4fc6-a54c-69a6a9d91a7f
1005049b-3756-452b-b728-090f2304634b	7fn/iGHuyu9YPVzg6HgEvTL5kJ+x8HJQEL/XAhFulNg=	2024-11-22 05:00:00.265584+02	2024-11-25 05:00:00.241448+02	f	b3a703b8-0686-4fc6-a54c-69a6a9d91a7f
a17d32a7-40cf-4fc2-bbeb-a8f16534c6fd	2gtdjFRlhE8NprYp9Ha0Y0nCbIkhBOjvyHmeqMyGyXo=	2024-11-22 05:06:00.646716+02	2024-11-25 05:08:41.49098+02	t	4cdc02fe-5fef-4e2c-a022-fbf178d11112
a30c4000-9453-4928-9756-e43f68fe0df2	MGpJ1L9mS31WI06+XWHq1vjNnV782JYQ0DwJ8hP+hDM=	2024-11-22 05:16:11.667382+02	2024-11-25 05:16:11.667245+02	f	b3a703b8-0686-4fc6-a54c-69a6a9d91a7f
db3a01ed-cf5c-4d7f-8f88-4837780b7a4c	byTpBZYh9+0b4a6S0ytiMX7faA0e+fgFgGrEl07VLOs=	2024-11-22 05:16:23.334787+02	2024-11-25 05:16:23.334655+02	f	b3a703b8-0686-4fc6-a54c-69a6a9d91a7f
c30fbe6e-714d-4cc1-9338-9a2dbc6750e5	+cfWW7VDINF17cvLjoCI4skewtiBa37y5mImSPTUKeY=	2024-11-22 05:16:29.34731+02	2024-11-25 05:16:29.347156+02	f	b3a703b8-0686-4fc6-a54c-69a6a9d91a7f
6dc9de04-52e6-4801-b26a-60e04beb0a5b	t+71TrSu9n/TxGJ3YNaFJfQ4Wx39gAqaGUUdXFwIdkc=	2024-11-22 05:16:46.337156+02	2024-11-25 05:16:46.337007+02	f	b3a703b8-0686-4fc6-a54c-69a6a9d91a7f
f5b3b3f4-b089-40e1-b6e5-d8a7a43fbbde	+vyniUCOxwCj77KklLN8gqU47SlOZBFw/NfzX+HA39E=	2024-11-22 05:22:56.343252+02	2024-11-25 05:22:56.32207+02	t	b3a703b8-0686-4fc6-a54c-69a6a9d91a7f
0f6a08ba-e7da-4a4a-ab76-777e86cfcff5	V+2ZLFukpdbrYqHuNi0gK3ZaHHFhuVXtNa7gf+zXM/U=	2024-11-22 05:30:33.002113+02	2024-11-25 05:30:33.00194+02	f	b3a703b8-0686-4fc6-a54c-69a6a9d91a7f
bfd91796-cdc0-4fde-816e-9aa1c1218447	Xu1d+RsfVcnt1UbsQOJ7z7YSnQzafnBLqPyw0Gn5eUg=	2024-11-22 05:35:38.573631+02	2024-11-22 05:50:38.567323+02	f	4cdc02fe-5fef-4e2c-a022-fbf178d11112
63eeb7b5-6850-4d81-a65f-cfb7a002fc99	FrOhUKUnTcnvUYlQWxrMoly4jSlQkflQ7r4Q8ZRmuy8=	2024-11-22 05:36:24.561507+02	2024-11-25 05:39:58.441833+02	f	4162b662-28f7-43d5-bcbb-f325ac389854
93091957-d7ff-4ada-9e61-41434d0f2572	GN38+xBsGiljIyv/hSSmVhF3txbVCyLIqtigeGcfzDk=	2024-11-22 12:35:59.343388+02	2024-11-22 12:50:59.324046+02	f	4162b662-28f7-43d5-bcbb-f325ac389854
fb727800-6b73-4cf2-b189-b9e6a3d4be82	uvplrxgHOSIfghytdI16B6Tfdeu3mWpLiJJGD9r7eFQ=	2024-11-22 12:39:14.519998+02	2024-11-25 12:39:32.583364+02	t	4162b662-28f7-43d5-bcbb-f325ac389854
1b8933c2-c019-4e05-8516-0d1368c97add	cFd5pXGMQqPCR4kzNurG4Hkfewxx36OEhseFyeplYY0=	2024-11-22 12:40:53.211459+02	2024-11-22 12:55:53.211294+02	t	4162b662-28f7-43d5-bcbb-f325ac389854
9f923365-9e6c-4d82-90e4-ca1c91d40f7e	ZZppXbDi9McfBydCCSyvb29fjEJ7D7wqfxyWN4BKyFs=	2024-11-22 12:42:45.33823+02	2024-11-22 12:57:45.338105+02	t	4162b662-28f7-43d5-bcbb-f325ac389854
ea4af0d4-fd01-4cfc-bc28-961acb4bcfb3	uShViLf7JW+jTDWNoxz81g2ANRRnRszn/HDe9JbF1l4=	2024-11-22 12:48:58.367923+02	2024-11-25 12:49:34.722432+02	f	4162b662-28f7-43d5-bcbb-f325ac389854
8820a462-90cd-482b-868f-aa0ca027b5cc	SgeIhzHmTN92eW4cUUQvDXX5/0zTCNTaBKLpx7GwP3U=	2024-11-22 12:58:05.965624+02	2024-11-25 13:06:14.457082+02	t	4162b662-28f7-43d5-bcbb-f325ac389854
c132cfa1-5ede-4d50-a119-c46f02cb424b	16+cg+o8ZZnF+QgD+vhjr9OhVBk0tC1kQ31X+My/DLw=	2024-11-22 13:06:57.249688+02	2024-11-25 13:07:29.747662+02	t	4162b662-28f7-43d5-bcbb-f325ac389854
3b1d8639-0419-4ac2-86c0-eb778be55b16	0hojrBVbh4TO+xnBLdtwzsjAMcMBeZZj+1wlOjgPTHU=	2024-11-22 13:12:12.187623+02	2024-11-25 13:12:17.23711+02	f	4162b662-28f7-43d5-bcbb-f325ac389854
01bbd8fc-4e7f-4726-b9bb-e74411caa657	Iaae1FOgT7bCxbe7yL0pBDIefGmjM6R7bZtacp+wVBA=	2024-11-22 13:14:10.621454+02	2024-11-22 13:29:10.619527+02	f	4162b662-28f7-43d5-bcbb-f325ac389854
49d537a6-f1ca-4c3c-a97a-6906e7dce8bd	7NdkTjijwUsHwHCM/KMlZ7BZ3oOr0uqK65C0gyySIDA=	2024-11-22 13:14:55.317527+02	2024-11-22 13:29:55.317395+02	f	4162b662-28f7-43d5-bcbb-f325ac389854
83d8c39e-397c-4eb1-a8df-0a633baa013d	WT3d2PdwUG0bV2MWsyPJ+emjLrWmhy68Uxcy+T4p0IA=	2024-11-22 13:20:13.901918+02	2024-11-25 13:20:33.464288+02	f	b3a703b8-0686-4fc6-a54c-69a6a9d91a7f
32cb19f3-3193-48ff-b1db-f430e8dc7292	AMw4c7WFXHccVGjonJDIyGQgdQehD/4Khm4FA9HJ+cA=	2024-12-04 00:47:42.65009+02	2024-12-04 01:02:42.645134+02	f	b3a703b8-0686-4fc6-a54c-69a6a9d91a7f
da203d33-669a-4a2d-9700-dd4af43c1fb3	YfiJFTnlDAFheQfYcOCzW6TsOJnC4tYtsxTCXv+iH90=	2024-12-04 01:25:37.252735+02	2024-12-04 01:40:37.231841+02	f	b3a703b8-0686-4fc6-a54c-69a6a9d91a7f
d00056aa-0692-412e-adff-ec6fc9f8bf0d	q13xqYsDooyUW7zbHKRqewymWK7hqMkdxoMZ2lpPAkg=	2024-12-04 01:26:46.583611+02	2024-12-04 01:41:46.583421+02	f	b3a703b8-0686-4fc6-a54c-69a6a9d91a7f
e5e0a94a-b6bc-40e2-9fde-89bff92df1e1	A/nprSEXM8WFE6rTK1Xr7Z4Y/xIt4yqRe5v2trJWgis=	2024-12-04 01:27:59.510522+02	2024-12-04 01:42:59.5104+02	f	b3a703b8-0686-4fc6-a54c-69a6a9d91a7f
f89f5eef-eb35-45e4-b140-da695c3b1ffe	gn4xYq9wau7DL3OIXaAqdUFrIJyE9iB/nlXHNOWAQ7o=	2024-12-04 01:34:50.611586+02	2024-12-04 01:49:50.611385+02	f	b3a703b8-0686-4fc6-a54c-69a6a9d91a7f
57a3e777-631c-483d-817e-344e2d14d16f	rNpfsg+0PVFVhYtlGctVZO64SjdSWPJfQ6kq/B3o4m8=	2024-12-04 01:36:00.108165+02	2024-12-04 01:51:00.10802+02	f	b3a703b8-0686-4fc6-a54c-69a6a9d91a7f
5a77c81f-9818-4899-91a9-a178ad960479	cFCkrLu7ruf0lijxzo0uG4njzhF5SC3OmBx/MWrG3m4=	2024-12-04 01:36:37.142698+02	2024-12-04 01:51:37.142524+02	f	b3a703b8-0686-4fc6-a54c-69a6a9d91a7f
c361fdbf-1a33-4fd7-9951-77753b3ecc59	V/2PCZvb8qyIRLxD8a3xgsT8yRwZaRfbrat4kjSUF78=	2024-12-04 01:38:46.602809+02	2024-12-04 01:53:46.602684+02	f	b3a703b8-0686-4fc6-a54c-69a6a9d91a7f
715e0803-f504-4d5e-acf9-1e9ae16ea772	KC2nXlr4E07P5BTOue+6rq0TcSm1HW1hJoE12Sr0ieY=	2024-12-04 01:47:15.59964+02	2024-12-04 02:02:15.599503+02	f	b3a703b8-0686-4fc6-a54c-69a6a9d91a7f
9c52c78a-bca4-4aa0-86f0-67e05759ef96	Zk7D/Mpn6hUdytyTE65EByGnfEQps78DochhrF/gLoQ=	2024-12-04 01:51:13.016732+02	2024-12-04 02:06:13.016596+02	f	b3a703b8-0686-4fc6-a54c-69a6a9d91a7f
8cc2f283-cd0e-4305-88ca-e79d8c3d130e	PUzAu9XNnIofuqown4aqYkBkS5I12ru06UDuU2JyrOU=	2024-12-04 01:54:58.779645+02	2024-12-04 02:09:58.779531+02	f	b3a703b8-0686-4fc6-a54c-69a6a9d91a7f
e3d553db-c43b-42d4-84bc-f3ef7d96ae7c	gWKYP176hoHm73hd1eoTmAVpVKHr7GRktYmJxdmEYt0=	2024-12-04 02:02:57.170723+02	2024-12-04 02:17:57.169379+02	f	4cdc02fe-5fef-4e2c-a022-fbf178d11112
e230bbe9-6ad4-4ddd-ad65-8271a16e7549	G2dmu1mXIt/D0/rGPz4SH23ymSlRwRgDY/f0Y8Qxpi8=	2024-12-04 02:05:25.008163+02	2024-12-04 02:20:25.008064+02	f	b3a703b8-0686-4fc6-a54c-69a6a9d91a7f
7536785a-927e-4cbd-9ad4-b60da0d73624	Yv2fZVZcII/T/KMJ/qQW0tzlIFKRrlgq5NyMNGr/gUE=	2024-12-04 02:05:56.713118+02	2024-12-04 02:20:56.713008+02	f	b3a703b8-0686-4fc6-a54c-69a6a9d91a7f
bb3f52ba-34d7-4968-a022-0f7378466d9a	SdZQak/gk0SCL1sOkfTchVsYI19wgVUwTbA2TAZNs64=	2024-12-04 02:07:09.693023+02	2024-12-04 02:22:09.692896+02	f	b3a703b8-0686-4fc6-a54c-69a6a9d91a7f
5b4326d2-899e-4251-bc13-bda2d8f70183	ZSZzJXa3X+xX+cMFpCplxihShLWkIJjZ7KSFqSbsGMo=	2024-12-04 02:07:43.891215+02	2024-12-04 02:22:43.891083+02	f	b3a703b8-0686-4fc6-a54c-69a6a9d91a7f
35f185ae-5921-477b-b7fc-d462cdc484c9	Cwz7cdLfewCYCJaua+yoWXVlmAdky1duUVAcr+qsIEY=	2024-12-04 02:08:52.63155+02	2024-12-04 02:23:52.6314+02	f	b3a703b8-0686-4fc6-a54c-69a6a9d91a7f
7395b138-45a0-435c-a172-508621b284bb	+pbC0IFJXifEgYtaDBz90epZt/03g1qIHeO3xMTJu7U=	2024-12-04 02:12:32.575696+02	2024-12-04 02:27:32.557519+02	f	b3a703b8-0686-4fc6-a54c-69a6a9d91a7f
062c177d-53cc-4b82-9358-55a9d5a868f0	UoJwZ/ejdheJCP5DlsUEkG5KZAGdswGOKLfGDoKewGg=	2024-12-04 02:15:22.533559+02	2024-12-04 02:30:22.533425+02	f	b3a703b8-0686-4fc6-a54c-69a6a9d91a7f
e5cf6829-f0e1-4d49-8375-8f2456518eae	D+bdM2n4rchCFmf/nmYZ7NkN4bHQlBAfKFsK1q/B5es=	2024-12-04 02:16:48.383517+02	2024-12-04 02:31:48.38335+02	f	b3a703b8-0686-4fc6-a54c-69a6a9d91a7f
22daf857-b64c-4bdf-a0d6-efac41973a01	tdUy1jiI3FC0IaWOdiQoWb6vG67FkEMxcEJaYOobTW0=	2024-12-04 02:28:38.417974+02	2024-12-04 02:43:38.417827+02	f	b3a703b8-0686-4fc6-a54c-69a6a9d91a7f
a64fe3bc-d8c9-49bb-9e22-931020096f25	ABDoLbeopeZQBYEglQkTAjtvKh1YdCdBXq8j3kA3ijg=	2024-12-04 02:35:15.474965+02	2024-12-04 02:50:15.474821+02	f	b3a703b8-0686-4fc6-a54c-69a6a9d91a7f
54fb0d17-37f5-46d5-8d76-15760d35d85a	24UFkdcj5diagO0Udg/Wv9ASg8QRbcSFK05aRmm8XVs=	2024-12-04 02:46:40.510094+02	2024-12-04 03:01:40.509228+02	f	4cdc02fe-5fef-4e2c-a022-fbf178d11112
f706d35e-b48f-436f-9ad1-a4343591ff43	5Ll9XFiOrcXb6h34M2YCfSOnGDn8LTSqQcr3mRZm2R0=	2024-12-04 03:01:38.612985+02	2024-12-04 03:16:38.612827+02	f	b3a703b8-0686-4fc6-a54c-69a6a9d91a7f
b0c577d1-fec4-46e5-92f3-31f43009efa5	2tQaYi0WiHhF69aOWFYJIFAJqzzNzJGol0aMZbR/jj0=	2024-12-04 03:08:18.980751+02	2024-12-04 03:23:18.980629+02	f	4cdc02fe-5fef-4e2c-a022-fbf178d11112
389da2b3-1258-4928-853f-1080ee0ae1b2	DNCGFhRRSUe9copLjaLJxBAzus//C7rCMzgvAQawcDY=	2024-12-04 03:08:59.165553+02	2024-12-04 03:23:59.165414+02	f	4162b662-28f7-43d5-bcbb-f325ac389854
aca3d40a-f62e-4b55-bb33-cb9f97326aef	71AiQZtKUz0aLVmDVsoPB4w3De8jA286WozvX9H7i4E=	2024-12-14 13:05:34.668031+02	2024-12-14 13:20:34.662234+02	f	b3a703b8-0686-4fc6-a54c-69a6a9d91a7f
47f85e5b-cd6a-460f-bca7-438eede525e9	8Yh06T8UFyHmi0eAgmi72yMepW4djxghejjoVtv0x7A=	2024-12-14 13:41:03.245088+02	2024-12-14 13:56:03.244925+02	f	b3a703b8-0686-4fc6-a54c-69a6a9d91a7f
1d959e0e-5ac5-4d6a-9db1-f3167c1c8950	IMW/WILQINMpxWaL3pT7FELqDMQ1zXLw5jvbnsiY2e4=	2024-12-14 13:46:17.687405+02	2024-12-14 14:01:17.687285+02	t	b3a703b8-0686-4fc6-a54c-69a6a9d91a7f
44838fd5-1ea2-4e81-ade7-905005385850	9hBDTG+31t0jIUamThb0toAxvy5m7/kYBb2jdkkrDoc=	2024-12-14 14:10:58.411285+02	2024-12-14 14:25:58.405784+02	f	b3a703b8-0686-4fc6-a54c-69a6a9d91a7f
7db8e9a8-d157-4d7b-923f-994ff8acd8bc	ILwf6Q/tk0uOwE57yd4Q8WNG8CBTxp4FhQqbsb967U8=	2024-12-14 14:24:02.966047+02	2024-12-14 14:39:02.960682+02	f	b3a703b8-0686-4fc6-a54c-69a6a9d91a7f
c7d3f9d5-f32a-4ef0-b8ce-8f95c6fc5ee7	X+0YltygnFQPxJthm8QJdEtj7IS5QXyIiWkDtrLffNY=	2024-12-14 14:28:16.044486+02	2024-12-14 14:43:16.044349+02	t	b3a703b8-0686-4fc6-a54c-69a6a9d91a7f
6e0c9eb8-11a4-4195-be7a-a0c06a024bb6	UIXE6c0QWF2Yy+MNzRybzpP1wU7Gfs3emevaDw5z4vI=	2024-12-14 14:31:15.627214+02	2024-12-14 14:46:15.627083+02	f	b3a703b8-0686-4fc6-a54c-69a6a9d91a7f
f51ba4f0-adb8-45c2-8266-f5586aff76a5	HhnsgWQQlvNdeJ/gUmES5VoUKcdkO93Cj8+V6wRllfY=	2024-12-14 14:33:00.015051+02	2024-12-14 14:48:00.014906+02	t	b3a703b8-0686-4fc6-a54c-69a6a9d91a7f
7dda34e5-b781-4412-8b48-c7979c159912	oD8D9yXFJDy4u8Ywc6D4qO1BftiT1pM15fI/6Sfprnw=	2024-12-14 14:33:53.715613+02	2024-12-14 14:48:53.715303+02	f	b3a703b8-0686-4fc6-a54c-69a6a9d91a7f
4cd815ab-a88e-4957-92ac-4fb38633a137	ibaY9diiWqVCpxTLISd3WKvTuhAQCRxzTzG3S1fy4gY=	2024-12-14 14:34:28.691236+02	2024-12-14 14:49:28.691112+02	t	b3a703b8-0686-4fc6-a54c-69a6a9d91a7f
8750cabf-4ca2-4209-89e3-2dda63d05e79	p4o/6HF+UT/hnSs8iiAtL6ZBClaiDyjcj0MfDJDS0TA=	2024-12-14 14:56:16.782859+02	2024-12-14 15:11:16.76435+02	f	b3a703b8-0686-4fc6-a54c-69a6a9d91a7f
9d9a0e51-50b9-4ec4-a6b7-e0a67a94218e	UA+MS7tobPegVh2ugCcbEtT5byfnk0T5yZ3dHpQqqf4=	2024-12-14 15:43:52.470147+02	2024-12-14 15:58:52.464447+02	f	b3a703b8-0686-4fc6-a54c-69a6a9d91a7f
d36e2b2a-011b-42aa-be9e-ac97a528893e	XY3+GbMpEnT8y3JtCe/2EHXRmWBHGrpOu70+agt1OY4=	2024-12-14 15:52:12.571874+02	2024-12-14 16:07:12.553731+02	f	b3a703b8-0686-4fc6-a54c-69a6a9d91a7f
6f18eb04-ee0a-441a-b6a7-84dff2083959	0QFbUXf3g+Y/xLqfuScZvrWHEQrV4ty/7GqEkOuRERw=	2024-12-14 16:02:23.008151+02	2024-12-14 16:17:23.007986+02	f	b3a703b8-0686-4fc6-a54c-69a6a9d91a7f
4c09fdf4-1751-40b5-b849-b36a4bb5f9e4	VxQxZNA6V/S65pTPgofj1tQkdOmSF5Kb+iWltB58Obs=	2024-12-14 16:06:30.691367+02	2024-12-14 16:21:30.691203+02	t	b3a703b8-0686-4fc6-a54c-69a6a9d91a7f
6e63c97f-b2e3-423e-a426-0d3c0ce9a9d3	nncBYrc/dR1L7gtq5IB0yyElwvtOIaB3BEQjDxFc33Q=	2024-12-14 16:08:22.686499+02	2024-12-14 16:23:22.686324+02	f	b3a703b8-0686-4fc6-a54c-69a6a9d91a7f
7d819f08-999a-4445-93a2-67c6763261fb	UUJFOq4VomRPKUzPVOQfFaEp28AKwtJWQ9UBVAafBvc=	2024-12-14 16:10:29.255929+02	2024-12-14 16:25:29.255795+02	f	b3a703b8-0686-4fc6-a54c-69a6a9d91a7f
5687d688-ba5f-4430-968a-accd6d382e8d	OGosOj4d+gEyyEVADyiOEUVUqnPQV7XQ9ARPIu0IOBs=	2024-12-14 16:12:04.818896+02	2024-12-14 16:27:04.818715+02	f	b3a703b8-0686-4fc6-a54c-69a6a9d91a7f
26a87cae-a176-433b-be34-4fcbed9c0d0e	IoP4Egmqe2qqcH53q8/bDGlWSYqQxtNLn4FTMjydsvE=	2024-12-14 16:12:35.357476+02	2024-12-14 16:27:35.357339+02	t	b3a703b8-0686-4fc6-a54c-69a6a9d91a7f
572d8616-0ea7-4cdb-a349-5c996564be0e	DFVkN6g0waZ+HdRDSej/gmL33OY+0cLx32HoUSqSK+0=	2024-12-14 16:16:11.461234+02	2024-12-14 16:31:11.461093+02	t	b3a703b8-0686-4fc6-a54c-69a6a9d91a7f
565c0d1b-a86b-449b-9e52-245b9e0cdf3a	XRNrCUylndydHCIVMDiO8fhHFdRsVvWJEbKHrqHYO14=	2024-12-14 16:22:49.564743+02	2024-12-14 16:37:49.564629+02	t	b3a703b8-0686-4fc6-a54c-69a6a9d91a7f
5eefffa3-2362-4a08-9f14-f79d4015a9d3	YNKzmFxfZlzpucCjYutZtGSVNlH3llALHYtacNoBINg=	2024-12-14 16:30:12.064156+02	2024-12-14 16:45:12.06404+02	t	b3a703b8-0686-4fc6-a54c-69a6a9d91a7f
c903308d-0adf-451f-b7cb-46d60fc7c5d0	vbiGbUH3YoqI/YWBPORJi4mTw3eTQ5fapHJgIrzvTFE=	2024-12-14 16:31:46.850409+02	2024-12-14 16:46:46.85031+02	t	b3a703b8-0686-4fc6-a54c-69a6a9d91a7f
9adbf066-d9b2-4213-9bae-748b9d6da7b8	PxZXoDTChyw/tNgtEb57XjgFqlRJ5POgXII+iNP6nTU=	2024-12-14 16:51:23.228684+02	2024-12-14 17:06:23.228592+02	f	b3a703b8-0686-4fc6-a54c-69a6a9d91a7f
dcd973a1-6983-4ef2-9b76-5cf4795ad326	K4yaFM8gf3MrJURHGm5+BrMSr/XOkR2OeFtPywP+JdA=	2024-12-14 16:57:25.526206+02	2024-12-14 17:12:25.526105+02	f	b3a703b8-0686-4fc6-a54c-69a6a9d91a7f
1c78be16-23b8-4bd5-804f-6c19447c839e	1lkiwC3DnKJto0fR93JDiTkiYSlmzG9WCSfj6nZSevY=	2024-12-14 17:19:22.164974+02	2024-12-14 17:34:22.164869+02	t	b3a703b8-0686-4fc6-a54c-69a6a9d91a7f
229f452b-131e-4daa-8d58-76145a561630	FcUhoPevu83Hq6kIaKf6ZoJmWlEkb/MXBv1LmZl79hs=	2024-12-14 17:22:33.734595+02	2024-12-14 17:37:33.734488+02	t	764381a2-6d73-401f-9fac-aa2e6369d390
7e962e7d-2dc3-463a-b09d-63e72d49aa9b	VD2rqyl59JpdAUilzFKh3j4Yg3XLQigNczOIvipA66k=	2024-12-14 17:31:30.444991+02	2024-12-14 17:46:30.425992+02	t	764381a2-6d73-401f-9fac-aa2e6369d390
570025e0-6a07-4604-bc16-e3d172b72417	ZIjGtiCKW6bCVRRXraRcvSUIxlxKlAwDhP3lsa0/5Ls=	2024-12-14 17:33:51.922738+02	2024-12-14 17:48:51.904426+02	t	764381a2-6d73-401f-9fac-aa2e6369d390
862d4f7b-4c4a-4965-8b4e-884f42f0115f	xeqSDyJ/IdUPgzO8w0N8zO2iMvalVQRHzN2rLAxiPIM=	2024-12-14 17:34:25.275866+02	2024-12-14 17:49:25.275716+02	t	764381a2-6d73-401f-9fac-aa2e6369d390
65368ff5-a28e-4496-8023-99dab1e5a0a4	mdPv3V7rRPUXVniVV6ynsLFeRVTGwVqkw6ow3gBfz0U=	2024-12-14 17:36:01.516493+02	2024-12-14 17:51:01.512143+02	t	764381a2-6d73-401f-9fac-aa2e6369d390
481b00d5-7ea7-490c-83d4-fb4d8edac88c	jHWTEe4LWVtOOyaEYrr8Cxp4FXoFAHxtiql+o+StCPY=	2024-12-14 17:36:07.715951+02	2024-12-14 17:51:07.715821+02	t	764381a2-6d73-401f-9fac-aa2e6369d390
96ab7bcb-ac60-4345-9b3c-39e0e5baeeed	Tp/m050GJhUn+ZuXe7WE+qfk5+iU/ubn/1tyBOWESqk=	2024-12-14 17:37:49.189605+02	2024-12-14 17:52:49.18948+02	t	764381a2-6d73-401f-9fac-aa2e6369d390
4e77a32e-2af5-4bba-9f64-e6787e265246	+tIXqoNTwh9RHer645tHfFv0LiFxlLsU85lwzecp0a0=	2024-12-14 17:44:20.043327+02	2024-12-14 17:59:20.04315+02	t	b3a703b8-0686-4fc6-a54c-69a6a9d91a7f
2ad7dfeb-c1c9-42d4-822d-a77924e8210b	5HhnuIBTts3xRn4n8TQCPOsV5bOQ/yj2Rp//K83ODqM=	2024-12-14 17:45:06.71551+02	2024-12-14 18:00:06.715333+02	t	b3a703b8-0686-4fc6-a54c-69a6a9d91a7f
0a289faf-94fa-4744-93f8-a25281d97f9c	moym+ozhThy/DR6PiN8/egq8MV9ij1AGJrbqIIVvSK8=	2024-12-14 17:46:29.590731+02	2024-12-14 18:01:29.589467+02	f	4cdc02fe-5fef-4e2c-a022-fbf178d11112
2fc009e9-599b-4021-baf1-79b2a557ed10	pwW+2cvAk3PMeo4NCnHKoKpUIc9xIUznKtWA7PFqopI=	2024-12-14 17:47:07.50747+02	2024-12-14 18:02:07.507354+02	f	b3a703b8-0686-4fc6-a54c-69a6a9d91a7f
52751622-4d62-421c-8631-1879fef7e554	GtgpQ5gP7KdKjxyOjRisxYuqU2s4AlJGwjVLUHu7vX8=	2024-12-14 17:50:50.919328+02	2024-12-14 18:05:50.919203+02	f	b3a703b8-0686-4fc6-a54c-69a6a9d91a7f
53449d9d-ef76-49db-a0cb-4414c8e597c5	kJ+Jq3XvNYCBhEOn63JLdb0RyDqbw15SbS8wrZQE8+U=	2024-12-14 17:50:52.867631+02	2024-12-14 18:05:52.867506+02	f	b3a703b8-0686-4fc6-a54c-69a6a9d91a7f
be986c06-3d35-48cb-ba81-9befff00b936	KgJD9AlwNPvaDtBkrrvL0gDMLvjnUfOBEOdKK5cphZ4=	2024-12-14 17:50:56.69009+02	2024-12-14 18:05:56.689911+02	f	b3a703b8-0686-4fc6-a54c-69a6a9d91a7f
053cd442-4f28-4f32-8059-0ec31b65f9ee	4KWZMOgmHNW0mtn+ESSkjCWtVJMi5IMijDm3FelgsBA=	2024-12-14 17:51:00.251262+02	2024-12-14 18:06:00.251125+02	f	b3a703b8-0686-4fc6-a54c-69a6a9d91a7f
7940a4f5-0024-40fb-9cd2-46cef523045a	okiw71D1+vKNZZh0LHo1U3iKWUaNfjV+o6ezutabteY=	2024-12-14 17:51:03.633114+02	2024-12-14 18:06:03.633018+02	f	b3a703b8-0686-4fc6-a54c-69a6a9d91a7f
24e43767-c4f9-449a-837e-ef49e768ff73	rtf3+SBioSe99gd0mRHSNS+cjDY1flQdsV/q+5gi3WQ=	2024-12-14 18:44:19.305579+02	2024-12-14 18:59:19.305441+02	f	b3a703b8-0686-4fc6-a54c-69a6a9d91a7f
9b020e61-14bf-4d3b-9f7f-05d55395b04f	nH9A9s6diq2CJllHRCWy+ISIfkzTPWRJ1HdvR2SJT4w=	2024-12-14 18:46:55.542112+02	2024-12-14 19:01:55.54203+02	f	b3a703b8-0686-4fc6-a54c-69a6a9d91a7f
eabb6617-f5e7-468a-ab53-2e7e7744faf3	UYJWkocAoiO4Jm8ITiOpi6EFZCk2Vw9B37eG/qGFiUg=	2024-12-14 18:58:47.430125+02	2024-12-14 19:13:47.424523+02	f	b3a703b8-0686-4fc6-a54c-69a6a9d91a7f
683b0ab3-c0c7-4991-b6c3-25449937a743	vk/slv9JwVotWcveZ0G+NQxR3SlyDa5+GXOs3O1bh00=	2024-12-14 19:00:57.204784+02	2024-12-14 19:15:57.204586+02	t	b3a703b8-0686-4fc6-a54c-69a6a9d91a7f
4088ad1e-367e-4d4a-a16f-587eef33a461	oVNxZhHscpfjRkK1zyXoTwN1Qaqum/poONfxQ/sRJd0=	2024-12-14 19:01:34.162145+02	2024-12-14 19:16:34.161266+02	f	4cdc02fe-5fef-4e2c-a022-fbf178d11112
6843b3d2-2de5-4f97-9e47-7bf5c4248218	Ii9Psu/Np/L3E2fsPNrY3qW3eEVRZWgQnpID5jLaTxw=	2024-12-14 19:28:40.183515+02	2024-12-14 19:43:40.183393+02	t	b3a703b8-0686-4fc6-a54c-69a6a9d91a7f
ed6e7cc1-f7d9-40ec-ab20-71dfb5ab61c2	SVTZfZFJRqfDXj9YSp3hvHsuNYhTPvM5o134kNf75+Q=	2024-12-14 19:36:31.444388+02	2024-12-14 20:06:31.440107+02	f	b3a703b8-0686-4fc6-a54c-69a6a9d91a7f
894ad998-6ce7-400c-a1eb-323c4c1fc0d5	59beG2Vhlz+oKo+RjELWcLtWqy5LkAFiZtDSRuwfKFs=	2024-12-14 20:39:14.823818+02	2024-12-14 21:09:14.823695+02	t	b3a703b8-0686-4fc6-a54c-69a6a9d91a7f
da414843-00f4-4f51-9492-7bf03d4ed5d9	zc300SyeiSe1X3e5IdIFXAcqkhunBXiinRZW4JmgRg4=	2024-12-14 20:41:08.407136+02	2024-12-14 21:11:08.407024+02	t	4162b662-28f7-43d5-bcbb-f325ac389854
508db176-d56e-4dbb-a88e-a6265e2b6c85	z1p5ajUkAyhY/DitN+rlTDZCXlsbYCgaeltK3Hhsenk=	2024-12-14 20:42:17.394806+02	2024-12-14 21:12:17.394699+02	f	025eac89-a267-46dc-8ab6-64b2292e63f1
8dde4d66-f4c4-48dc-b243-4a5c8668a332	2WsPOrVbi9jE0I/G/eUkQndBUaLrawlL4BqCdSPd3nM=	2024-12-14 21:07:16.237249+02	2024-12-14 21:37:16.232502+02	f	025eac89-a267-46dc-8ab6-64b2292e63f1
3e77d6cc-5021-420e-9a33-edf464885415	TiTPcFLo6Ot+dPP42QAoFJhiduP7FIiRjG5wB6UQsOw=	2024-12-14 21:13:55.429712+02	2024-12-14 21:43:55.429575+02	f	b3a703b8-0686-4fc6-a54c-69a6a9d91a7f
bfcbd455-38ab-4bea-9c1a-55b7823e0b02	Wry1gL7tdjXfO+0YVJ/aZY5T3LEDSxyhpXZObXn2hYM=	2024-12-14 21:32:56.890157+02	2024-12-14 22:02:56.890035+02	t	b3a703b8-0686-4fc6-a54c-69a6a9d91a7f
93dd3dae-165c-47a7-af45-8fac3fcea19c	8TucmY+pmVeb9SE3OB3K9+QP9Kqulvr2qUBYqSrBxgE=	2024-12-14 21:34:10.014669+02	2024-12-14 22:04:10.014514+02	f	025eac89-a267-46dc-8ab6-64b2292e63f1
a3cd7894-4b4c-41a3-aaf2-173518e0e2ca	riUo45RPlL/3shRU8IwzMcmm9dPfG0qqThJZoEnEmZ4=	2024-12-14 22:09:54.523995+02	2024-12-17 22:10:27.921+02	f	b3a703b8-0686-4fc6-a54c-69a6a9d91a7f
d7703b69-20b0-4a0a-b1d5-be3ce5f15ef5	NThwhCXpiGSkRVFxGnbXHpo0WGLF4ejkXHcUhzvEUtM=	2024-12-14 22:13:38.64581+02	2024-12-14 23:13:38.625892+02	f	b3a703b8-0686-4fc6-a54c-69a6a9d91a7f
08a4b492-1edb-452b-933d-b6914df848d4	f0SucsYJpvIQ+ZXVvGko6+fApN2cynwy2Hb0bJuJrT0=	2024-12-14 22:49:56.572338+02	2024-12-15 22:49:59.30701+02	f	b3a703b8-0686-4fc6-a54c-69a6a9d91a7f
14cfcb3f-352d-440c-b78b-1f22ab135d4a	o77W7Ss/wdGrbv09YVMGCthO2sJftK8keuZUwRQPBNg=	2024-12-14 22:50:26.701605+02	2024-12-14 23:50:26.701456+02	t	b3a703b8-0686-4fc6-a54c-69a6a9d91a7f
169959e3-8c00-45c7-a569-e981a6442597	WrK3pc56sZKIEnWugsCIw15gjukT1o7s/JZbWSX7eTA=	2024-12-14 22:58:14.376121+02	2024-12-14 23:58:14.374789+02	f	4cdc02fe-5fef-4e2c-a022-fbf178d11112
f2c52792-cd99-40ea-a0d9-6552f9d9337b	9ci0hNSCZ+u0yw0Wer+e135DpIGJUIlp6rNnWQG44PM=	2024-12-14 23:33:11.451442+02	2024-12-15 00:33:11.451319+02	t	4cdc02fe-5fef-4e2c-a022-fbf178d11112
a3c5a040-9052-41f9-8989-8f530ec6ee31	N1rYnqEVgBDQuIml2tKjvGL/FvsTzMxO/ksQOkdPIcE=	2024-12-14 23:34:22.018158+02	2024-12-15 00:34:22.017985+02	t	4cdc02fe-5fef-4e2c-a022-fbf178d11112
4311ba6c-c82e-4745-9a53-17bc9b969cb1	yEw0pKlmUL/F7vzJ+A+8fIYs4nAQ3adXs42ngj4z3JU=	2024-12-14 23:34:34.48848+02	2024-12-15 00:34:34.488374+02	f	4cdc02fe-5fef-4e2c-a022-fbf178d11112
813aa581-e711-4515-ba3d-500d8ee21fec	lsU2T217iB10KUX//pLI7qQA0gOR7RbyEWy+HsQfxTA=	2024-12-14 23:42:16.719048+02	2024-12-15 00:42:16.71893+02	f	4cdc02fe-5fef-4e2c-a022-fbf178d11112
4bf9d17c-8e4f-4a3a-ba17-70d73a16f150	d34CFP8pRJ6+w1+qdjki5EhDxC7n4WDDGrPUCR/+kt0=	2024-12-15 00:39:39.112553+02	2024-12-15 01:39:39.112373+02	f	4cdc02fe-5fef-4e2c-a022-fbf178d11112
2b5bf101-d1a0-47f4-afb2-395e5b3fb27f	LUP64daFoCUHavbOSEEvBLrC5rAhUbEwR/+knj3Gtfs=	2024-12-15 00:45:02.436484+02	2024-12-15 01:45:02.436291+02	f	4cdc02fe-5fef-4e2c-a022-fbf178d11112
222a918a-d1e2-48c9-a0c0-3feb7409495f	VBpnNN+gyv3hjJahu7aF0FJFRIVcjwAybWAUHGF4nhM=	2024-12-15 01:01:18.404643+02	2024-12-15 02:01:18.400395+02	t	b3a703b8-0686-4fc6-a54c-69a6a9d91a7f
d442dd22-91a3-4767-b5e8-434bbaac3cd6	hKWnL597Mm7V/J79jcs15y0nw5keEmK7e3PaSu+cMqM=	2024-12-15 01:01:34.239739+02	2024-12-15 02:01:34.238889+02	t	4cdc02fe-5fef-4e2c-a022-fbf178d11112
1c2b8b5b-03d4-43ad-a830-36739e34d819	GeGtjFob2Q/DM/44Bf0UewBNBZJVe6g9jZc0DHr8u1s=	2024-12-15 01:18:29.042682+02	2024-12-15 02:18:29.042533+02	t	b3a703b8-0686-4fc6-a54c-69a6a9d91a7f
\.


--
-- TOC entry 4887 (class 0 OID 0)
-- Dependencies: 222
-- Name: AspNetRoleClaims_id_seq; Type: SEQUENCE SET; Schema: public; Owner: postgres
--

SELECT pg_catalog.setval('public."AspNetRoleClaims_id_seq"', 1, false);


--
-- TOC entry 4888 (class 0 OID 0)
-- Dependencies: 224
-- Name: AspNetUserClaims_id_seq; Type: SEQUENCE SET; Schema: public; Owner: postgres
--

SELECT pg_catalog.setval('public."AspNetUserClaims_id_seq"', 1, false);


--
-- TOC entry 4889 (class 0 OID 0)
-- Dependencies: 229
-- Name: bookings_id_seq; Type: SEQUENCE SET; Schema: public; Owner: postgres
--

SELECT pg_catalog.setval('public.bookings_id_seq', 17, true);


--
-- TOC entry 4890 (class 0 OID 0)
-- Dependencies: 218
-- Name: hotels_id_seq; Type: SEQUENCE SET; Schema: public; Owner: postgres
--

SELECT pg_catalog.setval('public.hotels_id_seq', 30, true);


--
-- TOC entry 4891 (class 0 OID 0)
-- Dependencies: 220
-- Name: rooms_id_seq; Type: SEQUENCE SET; Schema: public; Owner: postgres
--

SELECT pg_catalog.setval('public.rooms_id_seq', 36, true);


--
-- TOC entry 4697 (class 2606 OID 41941)
-- Name: AspNetRoleClaims PK_AspNetRoleClaims; Type: CONSTRAINT; Schema: public; Owner: postgres
--

ALTER TABLE ONLY public."AspNetRoleClaims"
    ADD CONSTRAINT "PK_AspNetRoleClaims" PRIMARY KEY (id);


--
-- TOC entry 4685 (class 2606 OID 41910)
-- Name: AspNetRoles PK_AspNetRoles; Type: CONSTRAINT; Schema: public; Owner: postgres
--

ALTER TABLE ONLY public."AspNetRoles"
    ADD CONSTRAINT "PK_AspNetRoles" PRIMARY KEY (id);


--
-- TOC entry 4700 (class 2606 OID 41954)
-- Name: AspNetUserClaims PK_AspNetUserClaims; Type: CONSTRAINT; Schema: public; Owner: postgres
--

ALTER TABLE ONLY public."AspNetUserClaims"
    ADD CONSTRAINT "PK_AspNetUserClaims" PRIMARY KEY (id);


--
-- TOC entry 4703 (class 2606 OID 41966)
-- Name: AspNetUserLogins PK_AspNetUserLogins; Type: CONSTRAINT; Schema: public; Owner: postgres
--

ALTER TABLE ONLY public."AspNetUserLogins"
    ADD CONSTRAINT "PK_AspNetUserLogins" PRIMARY KEY (loginprovider, providerkey);


--
-- TOC entry 4706 (class 2606 OID 41978)
-- Name: AspNetUserRoles PK_AspNetUserRoles; Type: CONSTRAINT; Schema: public; Owner: postgres
--

ALTER TABLE ONLY public."AspNetUserRoles"
    ADD CONSTRAINT "PK_AspNetUserRoles" PRIMARY KEY (userid, roleid);


--
-- TOC entry 4708 (class 2606 OID 41995)
-- Name: AspNetUserTokens PK_AspNetUserTokens; Type: CONSTRAINT; Schema: public; Owner: postgres
--

ALTER TABLE ONLY public."AspNetUserTokens"
    ADD CONSTRAINT "PK_AspNetUserTokens" PRIMARY KEY (userid, loginprovider, name);


--
-- TOC entry 4689 (class 2606 OID 41917)
-- Name: AspNetUsers PK_AspNetUsers; Type: CONSTRAINT; Schema: public; Owner: postgres
--

ALTER TABLE ONLY public."AspNetUsers"
    ADD CONSTRAINT "PK_AspNetUsers" PRIMARY KEY (id);


--
-- TOC entry 4683 (class 2606 OID 41903)
-- Name: __EFMigrationsHistory PK___EFMigrationsHistory; Type: CONSTRAINT; Schema: public; Owner: postgres
--

ALTER TABLE ONLY public."__EFMigrationsHistory"
    ADD CONSTRAINT "PK___EFMigrationsHistory" PRIMARY KEY ("MigrationId");


--
-- TOC entry 4711 (class 2606 OID 42008)
-- Name: bookings PK_bookings; Type: CONSTRAINT; Schema: public; Owner: postgres
--

ALTER TABLE ONLY public.bookings
    ADD CONSTRAINT "PK_bookings" PRIMARY KEY (id);


--
-- TOC entry 4692 (class 2606 OID 41925)
-- Name: hotels PK_hotels; Type: CONSTRAINT; Schema: public; Owner: postgres
--

ALTER TABLE ONLY public.hotels
    ADD CONSTRAINT "PK_hotels" PRIMARY KEY (id);


--
-- TOC entry 4694 (class 2606 OID 41933)
-- Name: rooms PK_rooms; Type: CONSTRAINT; Schema: public; Owner: postgres
--

ALTER TABLE ONLY public.rooms
    ADD CONSTRAINT "PK_rooms" PRIMARY KEY (id);


--
-- TOC entry 4714 (class 2606 OID 42028)
-- Name: sessions PK_sessions; Type: CONSTRAINT; Schema: public; Owner: postgres
--

ALTER TABLE ONLY public.sessions
    ADD CONSTRAINT "PK_sessions" PRIMARY KEY (id);


--
-- TOC entry 4687 (class 1259 OID 42019)
-- Name: EmailIndex; Type: INDEX; Schema: public; Owner: postgres
--

CREATE INDEX "EmailIndex" ON public."AspNetUsers" USING btree (normalizedemail);


--
-- TOC entry 4695 (class 1259 OID 42014)
-- Name: IX_AspNetRoleClaims_roleid; Type: INDEX; Schema: public; Owner: postgres
--

CREATE INDEX "IX_AspNetRoleClaims_roleid" ON public."AspNetRoleClaims" USING btree (roleid);


--
-- TOC entry 4698 (class 1259 OID 42016)
-- Name: IX_AspNetUserClaims_userid; Type: INDEX; Schema: public; Owner: postgres
--

CREATE INDEX "IX_AspNetUserClaims_userid" ON public."AspNetUserClaims" USING btree (userid);


--
-- TOC entry 4701 (class 1259 OID 42017)
-- Name: IX_AspNetUserLogins_userid; Type: INDEX; Schema: public; Owner: postgres
--

CREATE INDEX "IX_AspNetUserLogins_userid" ON public."AspNetUserLogins" USING btree (userid);


--
-- TOC entry 4704 (class 1259 OID 42018)
-- Name: IX_AspNetUserRoles_roleid; Type: INDEX; Schema: public; Owner: postgres
--

CREATE INDEX "IX_AspNetUserRoles_roleid" ON public."AspNetUserRoles" USING btree (roleid);


--
-- TOC entry 4709 (class 1259 OID 42021)
-- Name: IX_bookings_userid; Type: INDEX; Schema: public; Owner: postgres
--

CREATE INDEX "IX_bookings_userid" ON public.bookings USING btree (userid);


--
-- TOC entry 4712 (class 1259 OID 42034)
-- Name: IX_sessions_userid; Type: INDEX; Schema: public; Owner: postgres
--

CREATE INDEX "IX_sessions_userid" ON public.sessions USING btree (userid);


--
-- TOC entry 4686 (class 1259 OID 42015)
-- Name: RoleNameIndex; Type: INDEX; Schema: public; Owner: postgres
--

CREATE UNIQUE INDEX "RoleNameIndex" ON public."AspNetRoles" USING btree (normalizedname);


--
-- TOC entry 4690 (class 1259 OID 42020)
-- Name: UserNameIndex; Type: INDEX; Schema: public; Owner: postgres
--

CREATE UNIQUE INDEX "UserNameIndex" ON public."AspNetUsers" USING btree (normalizedusername);


--
-- TOC entry 4715 (class 2606 OID 41942)
-- Name: AspNetRoleClaims FK_AspNetRoleClaims_AspNetRoles_roleid; Type: FK CONSTRAINT; Schema: public; Owner: postgres
--

ALTER TABLE ONLY public."AspNetRoleClaims"
    ADD CONSTRAINT "FK_AspNetRoleClaims_AspNetRoles_roleid" FOREIGN KEY (roleid) REFERENCES public."AspNetRoles"(id) ON DELETE CASCADE;


--
-- TOC entry 4716 (class 2606 OID 41955)
-- Name: AspNetUserClaims FK_AspNetUserClaims_AspNetUsers_userid; Type: FK CONSTRAINT; Schema: public; Owner: postgres
--

ALTER TABLE ONLY public."AspNetUserClaims"
    ADD CONSTRAINT "FK_AspNetUserClaims_AspNetUsers_userid" FOREIGN KEY (userid) REFERENCES public."AspNetUsers"(id) ON DELETE CASCADE;


--
-- TOC entry 4717 (class 2606 OID 41967)
-- Name: AspNetUserLogins FK_AspNetUserLogins_AspNetUsers_userid; Type: FK CONSTRAINT; Schema: public; Owner: postgres
--

ALTER TABLE ONLY public."AspNetUserLogins"
    ADD CONSTRAINT "FK_AspNetUserLogins_AspNetUsers_userid" FOREIGN KEY (userid) REFERENCES public."AspNetUsers"(id) ON DELETE CASCADE;


--
-- TOC entry 4718 (class 2606 OID 41979)
-- Name: AspNetUserRoles FK_AspNetUserRoles_AspNetRoles_roleid; Type: FK CONSTRAINT; Schema: public; Owner: postgres
--

ALTER TABLE ONLY public."AspNetUserRoles"
    ADD CONSTRAINT "FK_AspNetUserRoles_AspNetRoles_roleid" FOREIGN KEY (roleid) REFERENCES public."AspNetRoles"(id) ON DELETE CASCADE;


--
-- TOC entry 4719 (class 2606 OID 41984)
-- Name: AspNetUserRoles FK_AspNetUserRoles_AspNetUsers_userid; Type: FK CONSTRAINT; Schema: public; Owner: postgres
--

ALTER TABLE ONLY public."AspNetUserRoles"
    ADD CONSTRAINT "FK_AspNetUserRoles_AspNetUsers_userid" FOREIGN KEY (userid) REFERENCES public."AspNetUsers"(id) ON DELETE CASCADE;


--
-- TOC entry 4720 (class 2606 OID 41996)
-- Name: AspNetUserTokens FK_AspNetUserTokens_AspNetUsers_userid; Type: FK CONSTRAINT; Schema: public; Owner: postgres
--

ALTER TABLE ONLY public."AspNetUserTokens"
    ADD CONSTRAINT "FK_AspNetUserTokens_AspNetUsers_userid" FOREIGN KEY (userid) REFERENCES public."AspNetUsers"(id) ON DELETE CASCADE;


--
-- TOC entry 4721 (class 2606 OID 42029)
-- Name: sessions FK_sessions_AspNetUsers_userid; Type: FK CONSTRAINT; Schema: public; Owner: postgres
--

ALTER TABLE ONLY public.sessions
    ADD CONSTRAINT "FK_sessions_AspNetUsers_userid" FOREIGN KEY (userid) REFERENCES public."AspNetUsers"(id) ON DELETE CASCADE;


-- Completed on 2024-12-15 21:46:16

--
-- PostgreSQL database dump complete
--

